{"model":{"version":2,"nodes":[{"name":"RootNode","position":[0,0,0],"rotation":[0,0,0],"scale":[1,1,1]},{"name":"Object010","position":[0,0,0],"rotation":[9.46155e-06,-90,0],"scale":[0.0257452,0.0257452,0.0254]}],"parents":[-1,0],"skins":[],"vertices":[{"position":{"type":"float32","components":3,"data":[12.171,1.74992,3.42096,12.171,1.74992,-3.42096,11.7986,3.4644,3.42096,11.7986,3.4644,-3.42097,12.2968,1.16229e-06,3.42096,12.2968,9.83477e-07,-3.42096,11.1849,5.10799,-3.42097,10.3447,6.64813,3.42096,11.1849,5.10799,3.42096,10.3447,6.64813,-3.42097,9.29278,8.05224,3.42096,8.05266,9.29327,-3.42096,8.05266,9.29327,3.42096,9.29278,8.05224,-3.42096,6.64778,10.3441,3.42096,6.64778,10.3441,-3.42096,5.10825,11.1855,3.42096,5.10825,11.1855,-3.42096,3.46421,11.798,3.42096,3.46421,11.798,-3.42096,1.75001,12.1716,3.42096,1.75001,12.1716,-3.42096,9.53674e-07,12.2961,3.42096,6.55651e-07,12.2961,-3.42096,-1.75001,12.1716,3.42096,-1.75001,12.1716,-3.42097,-3.46421,11.798,3.42096,-3.46421,11.798,-3.42097,-5.10826,11.1855,3.42096,-5.10826,11.1855,-3.42097,-1.75001,12.1716,3.42096,-1.75001,12.1716,-3.42097,-6.64778,10.3441,3.42096,-6.64778,10.3441,-3.42097,-8.05266,9.29326,3.42096,-8.05266,9.29326,-3.42097,-9.29278,8.05224,-3.42096,-9.29278,8.05224,3.42096,-10.3447,6.64813,3.42096,-10.3447,6.64812,-3.42096,-11.1849,5.10799,3.42096,-11.1849,5.10799,-3.42096,-11.7986,3.4644,3.42096,-11.7986,3.4644,-3.42097,-12.171,1.74992,3.42096,-12.171,1.74992,-3.42097,-12.2968,3.33786e-06,3.42096,-12.2968,3.33786e-06,-3.42097,-12.171,-1.74991,3.42096,-11.7986,-3.46439,-3.42097,-11.7986,-3.46439,3.42096,-12.171,-1.74991,-3.42097,-11.1849,-5.10798,3.42096,-10.3447,-6.64812,-3.42096,-10.3447,-6.64812,3.42096,-11.1849,-5.10798,-3.42096,-9.29278,-8.05223,3.42096,-9.29278,-8.05223,-3.42096,-8.05266,-9.29326,3.42096,-8.05266,-9.29326,-3.42097,-6.64778,-10.3441,3.42097,-5.10826,-11.1855,-3.42096,-5.10826,-11.1855,3.42097,-6.64778,-10.3441,-3.42096,-3.46422,-11.798,3.42097,-3.46422,-11.798,-3.42096,-1.75002,-12.1716,3.42096,-1.75002,-12.1716,-3.42096,-6.67572e-06,-12.2961,-3.42096,1.75,-12.1716,3.42096,-5.72205e-06,-12.2961,3.42096,1.75,-12.1716,-3.42097,3.46421,-11.798,3.42096,5.10825,-11.1855,-3.42097,5.10825,-11.1855,3.42096,3.46421,-11.798,-3.42097,6.64777,-10.3441,3.42096,6.64777,-10.3441,-3.42097,8.05265,-9.29327,3.42096,8.05265,-9.29327,-3.42097,9.29277,-8.05224,3.42096,9.29277,-8.05224,-3.42097,10.3447,-6.64813,-3.42097,10.3447,-6.64813,3.42096,11.1849,-5.108,3.42096,11.7986,-3.46441,-3.42097,11.7986,-3.46441,3.42096,11.1849,-5.108,-3.42097,12.1709,-1.74992,3.42096,12.1709,-1.74992,-3.42096]},"normal":{"type":"float32","components":3,"data":[0.989821,0.142315,-3.11129e-10,0.989821,0.142315,-3.11129e-10,0.959493,0.281732,0,0.959493,0.281732,0,1,-3.97078e-07,1.86687e-09,1,-4.01834e-07,1.86687e-09,0.909632,0.415415,0,0.841253,0.540641,0,0.909632,0.415415,0,0.841253,0.540641,0,0.755749,0.654861,0,0.654861,0.75575,-1.12012e-08,0.654861,0.75575,-1.12012e-08,0.755749,0.654861,0,0.540641,0.841254,-2.86239e-08,0.540641,0.841254,-2.86239e-08,0.415415,0.909632,-2.987e-08,0.415415,0.909632,-2.987e-08,0.281733,0.959493,-2.11568e-08,0.281733,0.959493,-2.11568e-08,0.142314,0.989822,-1.10457e-08,0.142314,0.989822,-1.10457e-08,-5.27825e-07,1,-1.24452e-09,-5.58733e-07,1,-1.24452e-09,-0.142315,0.989821,1.7113e-09,-0.142315,0.989821,1.7113e-09,-0.281732,0.959493,-3.23575e-08,-0.281732,0.959493,-3.23575e-08,-0.415415,0.909632,-1.25081e-07,-0.415415,0.909632,-1.25081e-07,-0.142315,0.989821,1.7113e-09,-0.142315,0.989821,1.7113e-09,-0.540641,0.841253,-2.3148e-07,-0.540641,0.841253,-2.3148e-07,-0.654861,0.755749,-2.88743e-07,-0.654861,0.755749,-2.88743e-07,-0.75575,0.654861,-2.53882e-07,-0.75575,0.654861,-2.53882e-07,-0.841253,0.540641,-1.54328e-07,-0.841253,0.540641,-1.54328e-07,-0.909632,0.415416,-6.4715e-08,-0.909632,0.415415,-6.47149e-08,-0.959493,0.281733,-1.68019e-08,-0.959493,0.281733,-1.68019e-08,-0.989821,0.142315,-1.86678e-09,-0.989821,0.142315,-1.86678e-09,-1,0,0,-1,0,0,-0.989821,-0.142315,0,-0.959493,-0.281732,0,-0.959493,-0.281732,0,-0.989821,-0.142315,0,-0.909632,-0.415415,0,-0.841254,-0.540641,0,-0.841254,-0.540641,0,-0.909632,-0.415415,0,-0.75575,-0.65486,0,-0.75575,-0.65486,0,-0.654861,-0.755749,0,-0.654861,-0.755749,0,-0.540641,-0.841253,8.08937e-09,-0.415416,-0.909632,1.99133e-08,-0.415416,-0.909632,1.99133e-08,-0.540641,-0.841253,8.08937e-09,-0.281733,-0.959493,2.11568e-08,-0.281733,-0.959493,2.11568e-08,-0.142316,-0.989821,1.36904e-08,-0.142316,-0.989821,1.36904e-08,-1.0604e-06,-1,-3.11133e-10,0.142314,-0.989822,-1.46239e-08,-1.07229e-06,-1,-3.11131e-10,0.142314,-0.989822,-1.46239e-08,0.281732,-0.959493,-1.55565e-08,0.415414,-0.909632,-5.60063e-09,0.415414,-0.909632,-5.60063e-09,0.281732,-0.959493,-1.55565e-08,0.54064,-0.841254,0,0.54064,-0.841254,0,0.65486,-0.75575,0,0.65486,-0.75575,0,0.755749,-0.654861,-4.60472e-08,0.755749,-0.654861,-4.60472e-08,0.841253,-0.540641,-1.44372e-07,0.841253,-0.540641,-1.44372e-07,0.909632,-0.415416,-1.68632e-07,0.959493,-0.281733,-8.96099e-08,0.959493,-0.281733,-8.96099e-08,0.909632,-0.415416,-1.68632e-07,0.989821,-0.142316,-1.7112e-08,0.989821,-0.142316,-1.71121e-08]},"texCoord0":{"type":"float32","components":2,"data":[0.187122,0.0511718,0.812229,0.0506859,0.187432,0.142074,0.812538,0.141603,0.186817,-0.0397408,0.811925,-0.0402211,0.81284,0.232531,0.188012,0.323845,0.187734,0.232965,0.813117,0.323469,0.188249,0.414717,0.813519,0.505364,0.188413,0.505586,0.813354,0.414415,0.188473,0.596458,0.81358,0.596309,0.188482,0.687336,0.81359,0.687245,0.18849,0.778224,0.813599,0.778169,0.188495,0.86912,0.813607,0.869085,0.188499,0.96002,0.813611,0.959996,0.188501,1.05092,0.813613,1.0509,0.188879,-2.85792,0.813988,-2.85785,0.188876,-2.76703,0.813985,-2.76693,0.18888,-2.94881,0.81399,-2.94876,0.188871,-2.67616,0.81398,-2.676,0.188816,-2.5853,0.813927,-2.58507,0.813776,-2.49413,0.188667,-2.49444,0.188447,-2.40359,0.813556,-2.40319,0.188183,-2.31272,0.813292,-2.31227,0.187886,-2.22185,0.812994,-2.22135,0.187565,-2.13096,0.812674,-2.13044,0.187241,-2.04007,0.812349,-2.03954,0.186931,-1.94917,0.811746,-1.85778,0.186638,-1.85826,0.812039,-1.94866,0.186367,-1.76735,0.811221,-1.67605,0.186114,-1.67643,0.811475,-1.76691,0.185877,-1.5855,0.810982,-1.5852,0.185701,-1.49457,0.810805,-1.49435,0.185631,-1.40364,0.810723,-1.31262,0.185615,-1.31271,0.810737,-1.40349,0.185599,-1.2218,0.810708,-1.22174,0.185586,-1.13088,0.810694,-1.13086,0.810683,-1.03997,0.185567,-0.949061,0.185575,-1.03997,0.810676,-0.949074,0.185562,-0.858147,0.810666,-0.76729,0.185559,-0.767227,0.81067,-0.858181,0.185558,-0.676298,0.810665,-0.676406,0.185591,-0.58536,0.810698,-0.585526,0.185691,-0.494418,0.810798,-0.494649,0.810951,-0.403771,0.185844,-0.403473,0.186038,-0.312532,0.811375,-0.222009,0.186268,-0.221595,0.811145,-0.312892,0.18653,-0.130664,0.811638,-0.131119]}}],"meshes":[{"aabb":{"min":[-12.2968,-12.2961,-3.42097],"max":[12.2968,12.2961,3.42097]},"vertices":0,"indices":[0,1,2,2,1,3,4,1,0,1,4,5,6,7,8,7,6,9,2,3,8,8,3,6,10,11,12,11,10,13,13,10,7,7,9,13,12,11,14,14,11,15,14,15,16,16,15,17,18,19,20,20,19,21,16,17,18,18,17,19,22,23,24,24,23,25,20,21,22,22,21,23,26,27,28,28,27,29,30,31,26,26,31,27,28,29,32,32,29,33,32,33,34,34,33,35,34,36,37,36,34,35,37,36,38,38,36,39,40,41,42,42,41,43,38,39,40,40,39,41,44,45,46,46,45,47,42,43,44,44,43,45,48,49,50,49,48,51,51,48,46,46,47,51,52,53,54,53,52,55,55,52,50,50,49,55,54,53,56,56,53,57,56,57,58,58,57,59,60,61,62,61,60,63,63,60,58,58,59,63,64,65,66,66,65,67,62,65,64,65,62,61,68,69,70,69,68,71,66,68,70,68,66,67,72,73,74,73,72,75,75,72,69,69,71,75,74,73,76,76,73,77,76,77,78,78,77,79,78,79,80,80,79,81,80,82,83,82,80,81,84,85,86,85,84,87,87,84,83,83,82,87,88,5,4,5,88,89,89,88,86,86,85,89],"type":"triangles","base":0,"count":264}],"meshInstances":[{"node":1,"mesh":0}]}}