{"model":{"version":2,"nodes":[{"name":"RootNode","position":[0,0,0],"rotation":[0,0,0],"scale":[1,1,1]},{"name":"Object015","position":[0,1.41738,0],"rotation":[9.33467e-06,-90,0],"scale":[0.0254,0.0254,0.0254]}],"parents":[-1,0],"skins":[],"vertices":[{"position":{"type":"float32","components":3,"data":[15.1017,35.2071,10.9131,14.3475,35.8334,10.9058,14.2704,35.8334,10.3201,14.997,35.2071,10.1179,14.5736,35.8334,11.4516,15.59,35.2071,11.5495,14.9332,35.8334,11.9203,15.4018,35.8334,12.2799,15.9476,35.8334,12.5059,16.3311,35.2071,11.8564,16.5333,35.8334,12.583,17.119,35.8334,12.5059,17.1263,35.2071,11.7517,17.6648,35.8334,12.2799,18.1334,35.8334,11.9203,17.7626,35.2071,11.2634,18.493,35.8334,11.4516,18.7191,35.8334,10.9058,18.0696,35.2071,10.5224,18.7962,35.8334,10.3201,17.9649,35.2071,9.72715,18.7191,35.8334,9.73444,18.493,35.8334,9.18867,18.1334,35.8334,8.72,17.4766,35.2071,9.0908,17.6648,35.8334,8.36038,16.7356,35.2071,8.78385,17.119,35.8334,8.13432,16.5333,35.8334,8.05721,15.9403,35.2071,8.88855,15.9476,35.8334,8.13432,15.4018,35.8334,8.36038,15.304,35.2071,9.37683,14.9332,35.8334,8.72,14.5736,35.8334,9.18867,14.3475,35.8334,9.73444,15.9186,34.8948,10.7918,15.8175,34.8948,10.0236,16.6344,34.8948,11.0883,17.2491,34.8948,10.6166,17.148,34.8948,9.84848,16.4322,34.8948,9.55199,16.5333,34.7883,10.3201,15.1017,35.207,-9.8163,14.3475,35.8334,-9.82359,14.2704,35.8334,-10.4093,14.997,35.2071,-10.6115,14.5736,35.8334,-9.27782,14.9332,35.8334,-8.80916,15.59,35.207,-9.17996,15.4018,35.8334,-8.44954,16.331,35.207,-8.87301,15.9476,35.8334,-8.22347,16.5333,35.8334,-8.14636,17.119,35.8334,-8.22347,17.1263,35.207,-8.9777,17.6648,35.8334,-8.44954,18.1334,35.8334,-8.80916,17.7626,35.207,-9.46599,18.493,35.8334,-9.27782,18.0696,35.207,-10.207,18.7191,35.8334,-9.8236,18.7962,35.8334,-10.4093,17.9649,35.2071,-11.0023,18.7191,35.8334,-10.995,18.493,35.8334,-11.5407,18.1334,35.8334,-12.0094,17.4766,35.2071,-11.6386,17.6648,35.8334,-12.369,17.119,35.8334,-12.5951,16.7356,35.2071,-11.9456,16.5333,35.8334,-12.6722,15.9476,35.8334,-12.5951,15.9403,35.2071,-11.8409,15.4018,35.8334,-12.369,15.304,35.2071,-11.3526,14.9332,35.8334,-12.0094,14.5736,35.8334,-11.5407,14.3475,35.8334,-10.995,15.9186,34.8948,-9.93763,15.8175,34.8948,-10.7058,16.6344,34.8948,-9.64114,17.2491,34.8948,-10.1128,17.148,34.8948,-10.8809,16.4322,34.8948,-11.1774,16.5333,34.7883,-10.4093]},"normal":{"type":"float32","components":3,"data":[-0.486464,-0.851377,0.196242,-0.63169,-0.758824,0.158597,-0.651214,-0.758824,0.0103004,-0.520679,-0.851376,-0.0636499,-0.558818,-0.758824,0.334527,-0.315462,-0.851377,0.419096,-0.467762,-0.758824,0.453194,-0.316687,-0.758824,0.569118,-0.178496,-0.758825,0.626358,-0.0732799,-0.851377,0.519411,0.0103012,-0.758825,0.651214,0.158598,-0.758824,0.63169,0.205218,-0.851376,0.482746,0.334527,-0.758824,0.558818,0.453193,-0.758824,0.467762,0.413183,-0.851376,0.323169,0.569117,-0.758825,0.316687,0.626359,-0.758824,0.178495,0.520679,-0.851376,0.06365,0.651215,-0.758824,-0.0103,0.486464,-0.851376,-0.196242,0.631691,-0.758823,-0.158597,0.558818,-0.758824,-0.334527,0.467761,-0.758824,-0.453194,0.315462,-0.851376,-0.419096,0.316687,-0.758824,-0.569118,0.0732803,-0.851376,-0.519411,0.178496,-0.758824,-0.626359,-0.0103008,-0.758824,-0.651214,-0.205217,-0.851377,-0.482746,-0.158597,-0.758825,-0.63169,-0.334527,-0.758825,-0.558818,-0.413183,-0.851376,-0.323169,-0.453194,-0.758824,-0.467761,-0.569118,-0.758824,-0.316687,-0.626359,-0.758824,-0.178496,-0.211106,-0.963947,0.161987,-0.245838,-0.963947,-0.10183,0.0347322,-0.963947,0.263817,0.245838,-0.963947,0.10183,0.211106,-0.963947,-0.161987,-0.034732,-0.963947,-0.263816,3.03272e-08,-1,-3.615e-07,-0.486464,-0.851376,0.196242,-0.631691,-0.758824,0.158596,-0.651214,-0.758824,0.0102992,-0.52068,-0.851376,-0.063651,-0.558817,-0.758824,0.334528,-0.467761,-0.758824,0.453195,-0.315462,-0.851376,0.419097,-0.316687,-0.758824,0.569118,-0.0732806,-0.851376,0.519411,-0.178496,-0.758824,0.626358,0.0103006,-0.758825,0.651214,0.158598,-0.758824,0.63169,0.205217,-0.851376,0.482746,0.334528,-0.758824,0.558817,0.453194,-0.758824,0.467762,0.413183,-0.851376,0.323169,0.569117,-0.758824,0.316687,0.520679,-0.851377,0.063649,0.626358,-0.758825,0.178495,0.651214,-0.758824,-0.0103015,0.486464,-0.851376,-0.196243,0.63169,-0.758824,-0.158597,0.558818,-0.758824,-0.334527,0.467761,-0.758824,-0.453194,0.315462,-0.851376,-0.419096,0.316687,-0.758824,-0.569118,0.178497,-0.758824,-0.626358,0.0732807,-0.851376,-0.519411,-0.0103005,-0.758824,-0.651214,-0.158598,-0.758824,-0.63169,-0.205217,-0.851376,-0.482747,-0.334527,-0.758824,-0.558818,-0.413183,-0.851376,-0.323169,-0.453194,-0.758824,-0.467762,-0.569118,-0.758824,-0.316687,-0.626358,-0.758824,-0.178496,-0.211106,-0.963948,0.161986,-0.245838,-0.963947,-0.101831,0.034732,-0.963948,0.263816,0.245837,-0.963948,0.101828,0.211106,-0.963947,-0.161988,-0.0347322,-0.963947,-0.263817,-2.05012e-07,-1,-1.68862e-06]},"texCoord0":{"type":"float32","components":2,"data":[0.729364,0.903243,0.72524,0.902686,0.725211,0.899942,0.729434,0.899927,0.725862,0.905381,0.731223,0.906025,0.727283,0.907688,0.729119,0.909701,0.731499,0.911052,0.734044,0.907752,0.734135,0.911857,0.736838,0.911779,0.737372,0.907533,0.739496,0.91119,0.741856,0.909797,0.740277,0.905945,0.743883,0.907914,0.745159,0.905538,0.741741,0.902958,0.745977,0.902948,0.741823,0.899659,0.745955,0.900216,0.745337,0.897534,0.74392,0.895239,0.739971,0.896897,0.742086,0.893237,0.737148,0.895187,0.739714,0.891901,0.737084,0.891119,0.733808,0.895426,0.734399,0.891252,0.731719,0.891727,0.730883,0.896945,0.729297,0.893022,0.72729,0.894937,0.726025,0.897334,0.73281,0.902749,0.733073,0.899681,0.735325,0.904522,0.738106,0.903227,0.738376,0.900174,0.735856,0.898407,0.735589,0.901461,0.669616,0.962608,0.66549,0.962068,0.665453,0.959319,0.669671,0.959287,0.666122,0.96476,0.667553,0.967061,0.671485,0.965381,0.669398,0.969067,0.674314,0.967097,0.671784,0.970408,0.674423,0.971202,0.677127,0.971111,0.677642,0.966865,0.679785,0.970513,0.682144,0.969111,0.680541,0.965268,0.684161,0.967223,0.682,0.962277,0.685427,0.964845,0.686233,0.962251,0.682062,0.958977,0.686197,0.95952,0.685566,0.956839,0.684138,0.954551,0.680196,0.956224,0.682295,0.952555,0.679916,0.95123,0.677367,0.954526,0.677284,0.950456,0.674598,0.9506,0.674029,0.954773,0.671917,0.951084,0.671114,0.956301,0.669508,0.952379,0.667528,0.95429,0.666269,0.956695,0.67306,0.9621,0.673309,0.959033,0.675585,0.963861,0.678362,0.962557,0.678616,0.959506,0.676087,0.95775,0.675834,0.960803]}}],"meshes":[{"aabb":{"min":[14.2704,34.7883,-12.6722],"max":[18.7962,35.8334,12.583]},"vertices":0,"indices":[0,1,2,0,2,3,0,4,1,5,4,0,4,5,6,5,7,6,5,8,7,8,5,9,9,10,8,11,9,12,9,11,10,12,13,11,14,12,15,12,14,13,15,16,14,15,17,16,17,15,18,18,19,17,18,20,19,19,20,21,20,22,21,23,22,24,22,20,24,24,25,23,26,27,25,26,25,24,26,28,27,29,28,26,28,29,30,29,31,30,29,32,31,31,32,33,32,34,33,35,34,3,34,32,3,3,2,35,36,3,37,3,36,0,0,36,5,5,36,9,36,38,9,9,38,12,39,12,38,12,39,15,15,39,18,18,40,20,40,18,39,20,40,24,41,24,40,24,41,26,26,41,29,29,37,32,37,29,41,32,37,3,42,36,37,42,38,36,42,39,38,42,40,39,42,41,40,42,37,41,43,44,45,43,45,46,43,47,44,43,48,47,48,43,49,49,50,48,49,51,50,50,51,52,51,53,52,54,51,55,51,54,53,55,56,54,57,55,58,55,57,56,58,59,57,60,59,58,59,60,61,60,62,61,60,63,62,62,63,64,63,65,64,66,65,67,65,63,67,67,68,66,69,67,70,67,69,68,70,71,69,70,72,71,72,70,73,73,74,72,73,75,74,74,75,76,75,77,76,78,77,46,77,75,46,46,45,78,79,46,80,46,79,43,43,79,49,49,81,51,81,49,79,51,81,55,82,55,81,55,82,58,58,82,60,60,83,63,83,60,82,63,83,67,70,83,84,83,70,67,70,84,73,73,80,75,80,73,84,75,80,46,85,79,80,85,81,79,85,82,81,85,83,82,85,84,83,85,80,84],"type":"triangles","base":0,"count":360}],"meshInstances":[{"node":1,"mesh":0}]}}