{"model":{"version":2,"nodes":[{"name":"RootNode","position":[0,0,0],"rotation":[0,0,0],"scale":[1,1,1]},{"name":"Object010","position":[0,0,0],"rotation":[9.46155e-06,-90,0],"scale":[0.0257452,0.0257452,0.0254]}],"parents":[-1,0],"skins":[],"vertices":[{"position":{"type":"float32","components":3,"data":[11.8364,3.47549,3.42096,12.2099,1.75552,3.42096,12.2099,1.75552,-3.42096,11.8364,3.47549,-3.42097,12.3361,1.1461e-06,3.42096,12.3361,9.67469e-07,-3.42096,10.3778,6.66941,3.42096,11.2207,5.12434,3.42096,11.2207,5.12434,-3.42097,10.3778,6.66941,-3.42097,8.07844,9.32302,-3.42096,8.07844,9.32302,3.42096,9.32253,8.07802,3.42096,9.32253,8.07802,-3.42096,6.67136,10.3757,-3.42096,6.67136,10.3757,3.42096,8.0805,-9.3211,-3.42097,9.32253,-8.07803,-3.42097,9.32253,-8.07803,3.42096,8.0805,-9.3211,3.42096,10.3778,-6.66942,-3.42097,10.3778,-6.66942,3.42096,11.8364,-3.4755,-3.42097,11.8364,-3.4755,3.42096,11.2207,-5.12435,3.42096,11.2207,-5.12435,-3.42097,12.2099,-1.75553,3.42096,12.2099,-1.75553,-3.42096]},"normal":{"type":"float32","components":3,"data":[0.959493,0.281732,0,0.989821,0.142315,-7.87957e-10,0.989821,0.142315,0,0.959493,0.281732,0,1,-4.11345e-07,1.06292e-14,1,-3.99456e-07,4.73299e-09,0.841253,0.540641,0,0.909632,0.415415,0,0.909632,0.415415,0,0.841253,0.540641,-3.51787e-08,0.654882,0.755731,-5.90516e-08,0.654882,0.755731,0,0.755749,0.654861,-1.46313e-08,0.755749,0.654861,-9.1279e-08,0.599031,0.800726,-4.17485e-08,0.599031,0.800726,-6.68177e-09,0.707405,-0.706809,0,0.755768,-0.654839,-7.63214e-08,0.755768,-0.65484,0,0.707405,-0.706808,0,0.841253,-0.540642,-1.9684e-07,0.841253,-0.540642,-1.06464e-07,0.959493,-0.281733,-1.40064e-07,0.959493,-0.281733,-2.21682e-08,0.909632,-0.415416,-1.30453e-07,0.909631,-0.415416,-2.09727e-07,0.989821,-0.142316,1.83718e-08,0.989821,-0.142316,-3.03483e-08]},"texCoord0":{"type":"float32","components":2,"data":[0.000380361,0.614517,0.000380361,0.537733,0.997232,0.537733,0.997232,0.614517,0.000380361,0.460949,0.997232,0.460949,0.000380361,0.768084,0.000380361,0.6913,0.997232,0.6913,0.997232,0.768084,0.997232,0.921651,0.000380361,0.921651,0.000380361,0.844868,0.997232,0.844868,0.997232,0.998434,0.000380361,0.998434,0.997232,0.000240903,0.997232,0.0770253,0.000380361,0.0770253,0.000380361,0.000240903,0.997232,0.15381,0.000380361,0.15381,0.997232,0.30738,0.000380361,0.30738,0.000380361,0.230595,0.997232,0.230595,0.000380361,0.384164,0.997232,0.384164]}}],"meshes":[{"aabb":{"min":[6.67136,-9.3211,-3.42097],"max":[12.3361,10.3757,3.42096]},"vertices":0,"indices":[0,1,2,2,3,0,1,4,5,5,2,1,6,7,8,8,9,6,7,0,3,3,8,7,10,11,12,12,13,10,9,13,12,12,6,9,10,14,15,15,11,10,16,17,18,18,19,16,17,20,21,21,18,17,22,23,24,24,25,22,21,20,25,25,24,21,5,4,26,26,27,5,23,22,27,27,26,23],"type":"triangles","base":0,"count":78}],"meshInstances":[{"node":1,"mesh":0}]}}